Rechtsname;Domain;Domain_Confidence;Domain_durch_Impressum;Rechtsname_Website;HRB;Ort;Zuschlaege;Plan;Signal_Score;Why_now;Telefon;Telefon_Quelle;Mail_allgemein;Mail_Quelle;Mail_Muster;Mail_Muster_Guete;Kontakt_Rolle;Kontakt_Name;Kontakt_Titel;Kontakt_Fundstelle;Kontakt_LinkedIn;Kontakt_LinkedIn_Quelle;Kontakt_Telefon;Kontakt_Telefon_Typ;Kontakt_Telefon_Quelle;Kontakt_Mail;Kontakt_Mail_Status;Kontakt_Mail_Quelle;Quellen_gelesen
BFE Studio und Medien Systeme GmbH;bfe.tv;belegt;nicht moeglich;;;Mainz;6;Team;100;Landesbetrieb Daten und Information Rheinland-Pfalz (LDI) schreibt gerade JBoss EAP 2027 aus. Frist 19.10.2026. Dort habt ihr 10/2025 schon geliefert (https://ted.europa.eu/de/notice/698859-2025/pdf).;+491600161;https://www.bfe.tv/impressum;;;;keines, keine personenbezogene Adresse gefunden;;;;;;;;;;;kein Kontakt gefunden;;https://www.bfe.tv/ https://www.bfe.tv/impressum https://www.bfe.tv/kontakt https://www.bfe.tv/kontakt
sysGen GmbH;sysgen.de;belegt;nicht moeglich;;HRB 30859;Bremen;30;Scale;98;Bundesrepublik Deutschland, vertreten durch... schreibt gerade GitLab Lizenzen und Paid Addons (restliche Bundesverwaltung) aus. Frist 15.10.2026. Dort habt ihr 09/2026 schon geliefert (https://ted.europa.eu/de/notice/638445-2026/pdf).;+49421409660;https://www.sysgen.de/impressum/;info@sysgen.de;https://www.sysgen.de/impressum/;;keines, keine personenbezogene Adresse gefunden;Geschaeftsfuehrung;Gabriele Nikisch;Vertreten durch (Impressum);https://www.sysgen.de/impressum/;;;;;;;keine persoenliche Adresse auf der Seite;;https://www.sysgen.de/ https://www.sysgen.de/impressum/ https://www.sysgen.de/kontakt/anfragen/allgemeiner-kontakt/ https://www.sysgen.de/kontakt/anfragen/nvidia-dgx/
Prowise GmbH;prowise.de;belegt;passt;Prowise GmbH;HRB 91595;Köln;24;Scale;98;civillent GmbH schreibt gerade Software Automai Synthetic Performance Monitoring aus. Frist 05.10.2026. Dort habt ihr 03/2026 schon geliefert (https://ted.europa.eu/de/notice/213586-2026/pdf).;+4922182829278;https://www.prowise.com/de/impressum/;info@prowise.de;https://www.prowise.com/de/impressum/;;keines, keine personenbezogene Adresse gefunden;Geschaeftsfuehrung;Frank Trossen;Geschäftsführer (Impressum);https://www.prowise.com/de/impressum/;;;;;;;keine persoenliche Adresse auf der Seite;;https://www.prowise.com/de/ https://www.prowise.com/de/impressum/ https://www.prowise.com/de/kontakt/
Concat AG;concat.de;belegt;passt;Impressum - Concat AG;HRB 25326;Bensheim;19;Scale;98;Universität Duisburg-Essen schreibt gerade Rahmenvertrag Server, Storage, Software aus. Frist 16.10.2026. Dort habt ihr 01/2024 schon geboten (https://ted.europa.eu/de/notice/13592-2024/pdf).;+49625170260;https://www.concat.de/impressum/;;;;keines, keine personenbezogene Adresse gefunden;Geschaeftsfuehrung;Dexter R. McGinnis;Vorstand (Impressum);https://www.concat.de/impressum/;;;;;;;keine persoenliche Adresse auf der Seite;;https://www.concat.de/ https://www.concat.de/impressum/ https://www.concat.de/projektanfrage/ https://www.concat.de/ueber-uns/
Concat AG;concat.de;belegt;passt;Impressum - Concat AG;HRB 25326;Bensheim;19;Scale;98;Universität Duisburg-Essen schreibt gerade Rahmenvertrag Server, Storage, Software aus. Frist 16.10.2026. Dort habt ihr 01/2024 schon geboten (https://ted.europa.eu/de/notice/13592-2024/pdf).;+49625170260;https://www.concat.de/impressum/;;;;keines, keine personenbezogene Adresse gefunden;Geschaeftsfuehrung;Tim Patronik;Vorstand (Impressum);https://www.concat.de/impressum/;;;;;;;keine persoenliche Adresse auf der Seite;;https://www.concat.de/ https://www.concat.de/impressum/ https://www.concat.de/projektanfrage/ https://www.concat.de/ueber-uns/
Concat AG;concat.de;belegt;passt;Impressum - Concat AG;HRB 25326;Bensheim;19;Scale;98;Universität Duisburg-Essen schreibt gerade Rahmenvertrag Server, Storage, Software aus. Frist 16.10.2026. Dort habt ihr 01/2024 schon geboten (https://ted.europa.eu/de/notice/13592-2024/pdf).;+49625170260;https://www.concat.de/impressum/;;;;keines, keine personenbezogene Adresse gefunden;Geschaeftsfuehrung;Astrid Dissmann;Vorstand (Impressum);https://www.concat.de/impressum/;;;;;;;keine persoenliche Adresse auf der Seite;;https://www.concat.de/ https://www.concat.de/impressum/ https://www.concat.de/projektanfrage/ https://www.concat.de/ueber-uns/
Albacon Systemhaus GmbH;albacon.de;belegt;passt;"Impressum &#8211; Albacon Systemhaus GmbH";HRB 6536;Bad Doberan;17;Scale;98;Landesinstitut für Schulqualität und Lehrerbildung Sachsen... schreibt gerade Position 1 aus. Frist 09.10.2026. Dort habt ihr 03/2025 schon geliefert (https://ted.europa.eu/de/notice/178455-2025/pdf).;+4938203458;https://albacon.de/index.php/impressum/;;;nachname;belegt, Adresse passt zu einer namentlich gefundenen Person;Geschaeftsfuehrung;Karsten Steinke;Geschäftsführer (Impressum);https://albacon.de/index.php/impressum/;;;;;;;keine persoenliche Adresse auf der Seite;;https://albacon.de https://albacon.de/index.php/impressum/ https://albacon.de/index.php/kontakt/
ThinkRED West GmbH;thinkred.de;belegt;nicht moeglich;;HRB 53348;Bochum;17;Scale;98;Ihr Vertrag mit Stadt Recklinghausen (Rahmenvertrag über den Kauf von Apple IPads) endet am 31.12.2026. Rahmenvertrag, die Neuausschreibung kommt.;+4961314886869;https://thinkred.de/impressum/;info@thinkred.de;https://thinkred.de/impressum/;;keines, keine personenbezogene Adresse gefunden;Geschaeftsfuehrung;Sebastian Weitzel;Vertreten durch (Impressum);https://thinkred.de/impressum/;;;;;;;keine persoenliche Adresse auf der Seite;;https://thinkred.de https://thinkred.de/impressum/ https://thinkred.de/kontakt/ https://thinkred.de/ueber-uns/
Office Partner GmbH;office-partner.de;belegt;passt;Office Partner GmbH;;Gescher;13;Scale;98;Land Niedersachsen vertreten durch IT.Niedersachsen FG 24... schreibt gerade Rahmenvereinbarung Snow aus. Frist 05.10.2026. Dort habt ihr 09/2024 schon geliefert (https://ted.europa.eu/de/notice/570663-2024/pdf).;+4925429558250;https://www.office-partner.de/impressum;shop@office-partner.de;https://www.office-partner.de/impressum;;keines, keine personenbezogene Adresse gefunden;Geschaeftsfuehrung;Peter Pölling;Geschäftsführer (Impressum);https://www.office-partner.de/impressum;;;;;;;keine persoenliche Adresse auf der Seite;;https://www.office-partner.de/ https://www.office-partner.de/impressum https://www.office-partner.de/apple-business
circular Informationssysteme GmbH;circular.de;belegt;passt;Impressum | circular Informationssysteme GmbH;HRB 17442;Stuttgart;12;Scale;98;Fraunhofer-Gesellschaft - Einkauf B12 schreibt gerade Serversystem für KI Interferenz Workloads - PR1237100-3190-I aus. Frist 16.10.2026. Dort habt ihr 12/2024 schon geliefert (https://ted.europa.eu/de/notice/749060-2024/pdf).;+49711787170;https://www.circular.de/impressum/;info@circular.de;https://www.circular.de/impressum/;;;Geschaeftsfuehrung;Rüdiger Kolp;Geschäftsführer (Impressum);https://www.circular.de/impressum/;;;;;;;kein Muster belegbar;;https://www.circular.de/ https://www.circular.de/impressum/ https://www.circular.de/kontakt/
Raid Media Systems GmbH;raidmedia.com;belegt;passt;RAID Media Systems GmbH;HRB 16895;Thalheim;11;Scale;98;Fraunhofer-Gesellschaft - Einkauf B12 schreibt gerade Serversystem für KI Interferenz Workloads - PR1237100-3190-I aus. Frist 16.10.2026. Dort habt ihr 04/2024 schon geliefert (https://ted.europa.eu/de/notice/217334-2024/pdf).;+4937213292680;https://raidmedia.com/impressum/;vertrieb@raidmedia.com;https://raidmedia.com/impressum/;;keines, keine personenbezogene Adresse gefunden;Geschaeftsfuehrung;Peter Vogel;Geschäftsführer (Impressum);https://raidmedia.com/impressum/;;;;;;;keine persoenliche Adresse auf der Seite;;https://raidmedia.com https://raidmedia.com/impressum/ https://raidmedia.com/contact/ https://raidmedia.com/contact/
Raid Media Systems GmbH;raidmedia.com;belegt;passt;RAID Media Systems GmbH;HRB 16895;Thalheim;11;Scale;98;Fraunhofer-Gesellschaft - Einkauf B12 schreibt gerade Serversystem für KI Interferenz Workloads - PR1237100-3190-I aus. Frist 16.10.2026. Dort habt ihr 04/2024 schon geliefert (https://ted.europa.eu/de/notice/217334-2024/pdf).;+4937213292680;https://raidmedia.com/impressum/;vertrieb@raidmedia.com;https://raidmedia.com/impressum/;;keines, keine personenbezogene Adresse gefunden;Geschaeftsfuehrung;Daniel Vogel;Geschäftsführer (Impressum);https://raidmedia.com/impressum/;;;;;;;keine persoenliche Adresse auf der Seite;;https://raidmedia.com https://raidmedia.com/impressum/ https://raidmedia.com/contact/ https://raidmedia.com/contact/
medDV GmbH;meddv.de;belegt;passt;Impressum | medDV GmbH;HRB 6076;Fernwald;9;Scale;98;Landkreis Görlitz schreibt gerade Los 1 - Landkreis Nordsachsen - Tablets inkl. Zubehör aus. Frist 19.10.2026. Gemeinsame Beschaffung von 3 Stellen. Dort habt ihr 06/2026 schon geliefert (https://ted.europa.eu/de/notice/425557-2026/pdf).;+49640420517;https://www.meddv.de/impressum/;info@meddv.de;https://www.meddv.de/impressum/;;keines, keine personenbezogene Adresse gefunden;Geschaeftsfuehrung;Gunter Ernst;Geschäftsführung (Impressum);https://www.meddv.de/impressum/;;;;;;;keine persoenliche Adresse auf der Seite;;https://www.meddv.de/ https://www.meddv.de/impressum/ https://www.meddv.de/kontakt/ https://www.meddv.de/geschaeftsfuehrung/
medDV GmbH;meddv.de;belegt;passt;Impressum | medDV GmbH;HRB 6076;Fernwald;9;Scale;98;Landkreis Görlitz schreibt gerade Los 1 - Landkreis Nordsachsen - Tablets inkl. Zubehör aus. Frist 19.10.2026. Gemeinsame Beschaffung von 3 Stellen. Dort habt ihr 06/2026 schon geliefert (https://ted.europa.eu/de/notice/425557-2026/pdf).;+49640420517;https://www.meddv.de/impressum/;info@meddv.de;https://www.meddv.de/impressum/;;keines, keine personenbezogene Adresse gefunden;Geschaeftsfuehrung;Carsten Rausch;Geschäftsführung (Impressum);https://www.meddv.de/impressum/;;;;;;;keine persoenliche Adresse auf der Seite;;https://www.meddv.de/ https://www.meddv.de/impressum/ https://www.meddv.de/kontakt/ https://www.meddv.de/geschaeftsfuehrung/
medDV GmbH;meddv.de;belegt;passt;Impressum | medDV GmbH;HRB 6076;Fernwald;9;Scale;98;Landkreis Görlitz schreibt gerade Los 1 - Landkreis Nordsachsen - Tablets inkl. Zubehör aus. Frist 19.10.2026. Gemeinsame Beschaffung von 3 Stellen. Dort habt ihr 06/2026 schon geliefert (https://ted.europa.eu/de/notice/425557-2026/pdf).;+49640420517;https://www.meddv.de/impressum/;info@meddv.de;https://www.meddv.de/impressum/;;keines, keine personenbezogene Adresse gefunden;Geschaeftsfuehrung;Andreas Meyer;Geschäftsführung (Impressum);https://www.meddv.de/impressum/;;;;;;;keine persoenliche Adresse auf der Seite;;https://www.meddv.de/ https://www.meddv.de/impressum/ https://www.meddv.de/kontakt/ https://www.meddv.de/geschaeftsfuehrung/
CyProtect AG;cyprotect.de;belegt;passt;Impressum | CyProtect AG | CyProtect AG;;München;9;Scale;98;Freistaat Sachsen, vertreten durch den Staatsbetrieb... schreibt gerade Verlängerung der Suse Linux Enterprise Server Subscription... aus. Frist 07.10.2026. Dort habt ihr 04/2026 schon geliefert (https://ted.europa.eu/de/notice/290931-2026/pdf).;+498942044730;https://www.cyprotect.com/impressum/;support@cyprotect.com;https://www.cyprotect.com/impressum/;;keines, keine personenbezogene Adresse gefunden;Geschaeftsfuehrung;Basilius J. Niedermeyer;Vorstand (Impressum);https://www.cyprotect.com/impressum/;;;;;;;keine persoenliche Adresse auf der Seite;;https://www.cyprotect.com/ https://www.cyprotect.com/impressum/ https://www.cyprotect.com/kontakt/ https://www.cyprotect.com/unternehmen/
IQUL GmbH;iqul.de;belegt;passt;Impressum | IQUL GmbH;HRB 73498;Bergisch Gladbach;6;Team;98;Land Hessen, vertreten durch die Hessische Zentrale... schreibt gerade Secure-Web-Gateway-Systeme aus. Frist 05.10.2026. Dort habt ihr 01/2024 schon geboten (https://ted.europa.eu/de/notice/32741-2024/pdf).;+4922045850;https://www.iqul.com/de/impressum;;;;keines, keine personenbezogene Adresse gefunden;Geschaeftsfuehrung;Daniel Möbs;Vertreten durch (Impressum);https://www.iqul.com/de/impressum;;;;;;;keine persoenliche Adresse auf der Seite;;https://www.iqul.com/de/ https://www.iqul.com/de/impressum https://www.iqul.com/de/kontakt-zum-vertrieb https://www.iqul.com/de/kontakt
ISEC7 GmbH;isec7.de;belegt;passt;ISEC7 Group / ISEC7 GmbH;HRB 97570;Hamburg;5;Team;98;Landesamt für Zentrale Polizeiliche Dienste... schreibt gerade Abschluss von Rahmenvereinbarungen über die Lieferung... aus. Frist 15.10.2026. Dort habt ihr 04/2025 schon geliefert (https://ted.europa.eu/de/notice/247975-2025/pdf).;+49403250760;https://www.isec7.com/en/imprint;info@isec7.com;https://www.isec7.com/en/imprint;;keines, keine personenbezogene Adresse gefunden;;;;;;;;;;;kein Kontakt gefunden;;https://www.isec7.com/en https://www.isec7.com/en/imprint https://www.isec7.com/en/contact https://www.isec7.com/en/contact
Brodos AG;brodos.de;belegt;passt;Brodos AG;HRB 7677;Baiersdorf;5;Team;98;Dataport AöR schreibt gerade Rahmenvertrag Standardsoftware aus. Frist 20.10.2026. Dort habt ihr 06/2024 schon geliefert (https://ted.europa.eu/de/notice/365945-2024/pdf).;+49913377770;https://brodos.com/impressum/;kontakt@brodos.de;https://brodos.com/impressum/;;keines, keine personenbezogene Adresse gefunden;;;;;;;;;;;kein Kontakt gefunden;;https://brodos.com/ https://brodos.com/impressum/ https://brodos.com/kontakt/ https://brodos.com/kontakt/
IF-Tech AG;if-tech.de;belegt;passt;IF-Tech GmbH;HRB 311821;München;4;Team;98;Dataport AöR schreibt gerade Rahmenvertrag Standardsoftware aus. Frist 20.10.2026. Dort habt ihr 04/2026 schon geliefert (https://ted.europa.eu/de/notice/291447-2026/pdf).;+4989200066910;https://www.if-tech.de/impressum/;info@if-tech.de;https://www.if-tech.de/impressum/;;keines, keine personenbezogene Adresse gefunden;Geschaeftsfuehrung;Marco Klose;Geschäftsführer (Impressum);https://www.if-tech.de/impressum/;;;;;;;keine persoenliche Adresse auf der Seite;;https://www.if-tech.de/ https://www.if-tech.de/impressum/ https://www.if-tech.de/kontakt/ https://www.if-tech.de/infohub/modernes-endpoint-management-supportaufwand-und-kosten-reduzieren/
IF-Tech AG;if-tech.de;belegt;passt;IF-Tech GmbH;HRB 311821;München;4;Team;98;Dataport AöR schreibt gerade Rahmenvertrag Standardsoftware aus. Frist 20.10.2026. Dort habt ihr 04/2026 schon geliefert (https://ted.europa.eu/de/notice/291447-2026/pdf).;+4989200066910;https://www.if-tech.de/impressum/;info@if-tech.de;https://www.if-tech.de/impressum/;;keines, keine personenbezogene Adresse gefunden;Geschaeftsfuehrung;Hans-Jörg Friedrich;Geschäftsführer (Impressum);https://www.if-tech.de/impressum/;;;;;;;keine persoenliche Adresse auf der Seite;;https://www.if-tech.de/ https://www.if-tech.de/impressum/ https://www.if-tech.de/kontakt/ https://www.if-tech.de/infohub/modernes-endpoint-management-supportaufwand-und-kosten-reduzieren/
DEKOM GmbH;dekom.de;belegt;passt;DEKOM AG;HRB 73265;Hamburg;4;Team;98;Fraunhofer-Gesellschaft - Einkauf B12 schreibt gerade Serversystem für KI Interferenz Workloads - PR1237100-3190-I aus. Frist 16.10.2026. Dort habt ihr 11/2024 schon geliefert (https://ted.europa.eu/de/notice/719724-2024/pdf).;+4940808181100;https://www.dekom.com/en/imprint-data-protection/;info@dekom.com;https://www.dekom.com/en/imprint-data-protection/;;keines, keine personenbezogene Adresse gefunden;;;;;;;;;;;kein Kontakt gefunden;;https://www.dekom.com/ https://www.dekom.com/en/imprint-data-protection/ https://www.dekom.com/en/consulting/ https://www.dekom.com/en/video-conferencing/microsoft-teams-rooms/
netgo group GmbH;netgo.de;belegt;nicht moeglich;;HRB 261899;Berlin;3;Starter;98;Dataport AöR schreibt gerade Rahmenvertrag Standardsoftware aus. Frist 20.10.2026. Dort habt ihr 07/2026 schon geliefert (https://ted.europa.eu/de/notice/454263-2026/pdf).;+4930224900;https://www.netgo.de/impressum;info@netgo.de;https://www.netgo.de/impressum;vorname.nachname;abgeleitet aus der Form anderer Adressen auf der Domain;Geschaeftsfuehrung;Sven Fürth;Vertreten durch (Impressum);https://www.netgo.de/impressum;;;;;;;keine persoenliche Adresse auf der Seite;;https://www.netgo.de/ https://www.netgo.de/impressum https://www.netgo.de/kontakt https://www.netgo.de/kontakt
netgo group GmbH;netgo.de;belegt;nicht moeglich;;HRB 261899;Berlin;3;Starter;98;Dataport AöR schreibt gerade Rahmenvertrag Standardsoftware aus. Frist 20.10.2026. Dort habt ihr 07/2026 schon geliefert (https://ted.europa.eu/de/notice/454263-2026/pdf).;+4930224900;https://www.netgo.de/impressum;info@netgo.de;https://www.netgo.de/impressum;vorname.nachname;abgeleitet aus der Form anderer Adressen auf der Domain;Geschaeftsfuehrung;Kai Wedel;Vertreten durch (Impressum);https://www.netgo.de/impressum;;;;;;;keine persoenliche Adresse auf der Seite;;https://www.netgo.de/ https://www.netgo.de/impressum https://www.netgo.de/kontakt https://www.netgo.de/kontakt
alcera Kommunikationstechnik GmbH;alcera.de;belegt;nicht moeglich;;HRB 60994;Hannover;2;Starter;98;ÜSTRA Hannoversche Verkehrsbetriebe Aktiengesellschaft schreibt gerade ÜSTRA C-ITS OBU KOM aus. Frist 16.10.2026. Dort habt ihr 10/2024 schon geliefert (https://ted.europa.eu/de/notice/652602-2024/pdf).;+495114580660;https://alcera.de/impressum/;office@alcera.de;https://alcera.de/impressum/;;keines, keine personenbezogene Adresse gefunden;;;;;;;;;;;kein Kontakt gefunden;;https://alcera.de https://alcera.de/impressum/ https://alcera.de/kontact/ https://alcera.de/unternehmen/firmenprofil/
MR Datentechnik Vertriebs- und Service GmbH;mr-daten.de;belegt;nicht moeglich;;;Nürnberg;25;Scale;93;Technische Universität Ilmenau, Dezernat Finanzen, Zentrale... schreibt gerade Standard VM-Ware ESX Server inkl. 5 Jahre Wartung aus. Frist 10.11.2026. Dort habt ihr 09/2026 schon geliefert (https://ted.europa.eu/de/notice/664907-2026/pdf).;;;;;;keines, keine personenbezogene Adresse gefunden;;;;;;;;;;;kein Kontakt gefunden;;https://mr-daten.de https://mr-daten.de/impressum/ https://mr-daten.de/kontakt/ https://mr-daten.de/kontakt/
SHD System-Haus-Dresden GmbH;shd-online.de;belegt;passt;Impressum | SHD System-Haus-Dresden GmbH;HRB 329;Dresden;14;Scale;93;Hamburger Energienetze GmbH schreibt gerade Entsorgung Alt-Hardware aus. Dort habt ihr 06/2026 schon geliefert (https://ted.europa.eu/de/notice/439598-2026/pdf).;+4935142320;https://www.shd-online.de/impressum;;;;keines, keine personenbezogene Adresse gefunden;Geschaeftsfuehrung;Sebastian Herbig;Geschäftsführer (Impressum);https://www.shd-online.de/impressum;;;;;;;keine persoenliche Adresse auf der Seite;;https://www.shd-online.de/ https://www.shd-online.de/impressum https://www.shd-online.de/kontakt https://www.shd-online.de/unternehmen
SHD System-Haus-Dresden GmbH;shd-online.de;belegt;passt;Impressum | SHD System-Haus-Dresden GmbH;HRB 329;Dresden;14;Scale;93;Hamburger Energienetze GmbH schreibt gerade Entsorgung Alt-Hardware aus. Dort habt ihr 06/2026 schon geliefert (https://ted.europa.eu/de/notice/439598-2026/pdf).;+4935142320;https://www.shd-online.de/impressum;;;;keines, keine personenbezogene Adresse gefunden;Geschaeftsfuehrung;Toralf Lips;Geschäftsführer (Impressum);https://www.shd-online.de/impressum;;;;;;;keine persoenliche Adresse auf der Seite;;https://www.shd-online.de/ https://www.shd-online.de/impressum https://www.shd-online.de/kontakt https://www.shd-online.de/unternehmen
SHD System-Haus-Dresden GmbH;shd-online.de;belegt;passt;Impressum | SHD System-Haus-Dresden GmbH;HRB 329;Dresden;14;Scale;93;Hamburger Energienetze GmbH schreibt gerade Entsorgung Alt-Hardware aus. Dort habt ihr 06/2026 schon geliefert (https://ted.europa.eu/de/notice/439598-2026/pdf).;+4935142320;https://www.shd-online.de/impressum;;;;keines, keine personenbezogene Adresse gefunden;Geschaeftsfuehrung;Dr. Frank Karow;Gründer von SHD;https://www.shd-online.de/unternehmen;;;;;;;keine persoenliche Adresse auf der Seite;;https://www.shd-online.de/ https://www.shd-online.de/impressum https://www.shd-online.de/kontakt https://www.shd-online.de/unternehmen
SCALTEL GmbH & Co. KG;scaltel.de;belegt;passt;SCALTEL GmbH & Co. KG;HRB 16859;Waltenhofen;7;Team;93;Postbeamtenkrankenkasse schreibt gerade KI Wissensmanagement aus. Frist 02.11.2026. Dort habt ihr 04/2026 schon geliefert (https://ted.europa.eu/de/notice/270948-2026/pdf).;+4983154054321;https://www.scaltel.de/impressum;;;;keines, keine personenbezogene Adresse gefunden;Vertriebsleitung;Thomas Groß;Vertriebsleitung;https://www.scaltel.de/ueber-scaltel/ansprechpartner;;;;;;;keine persoenliche Adresse auf der Seite;;https://www.scaltel.de/ https://www.scaltel.de/impressum https://www.scaltel.de/ueber-scaltel/ansprechpartner https://www.scaltel.de/kontakt
SCALTEL GmbH & Co. KG;scaltel.de;belegt;passt;SCALTEL GmbH & Co. KG;HRB 16859;Waltenhofen;7;Team;93;Postbeamtenkrankenkasse schreibt gerade KI Wissensmanagement aus. Frist 02.11.2026. Dort habt ihr 04/2026 schon geliefert (https://ted.europa.eu/de/notice/270948-2026/pdf).;+4983154054321;https://www.scaltel.de/impressum;;;;keines, keine personenbezogene Adresse gefunden;Vertriebsleitung;Christoph Brakland;Vertriebsleitung;https://www.scaltel.de/ueber-scaltel/ansprechpartner;;;;;;;keine persoenliche Adresse auf der Seite;;https://www.scaltel.de/ https://www.scaltel.de/impressum https://www.scaltel.de/ueber-scaltel/ansprechpartner https://www.scaltel.de/kontakt
SCALTEL GmbH & Co. KG;scaltel.de;belegt;passt;SCALTEL GmbH & Co. KG;HRB 16859;Waltenhofen;7;Team;93;Postbeamtenkrankenkasse schreibt gerade KI Wissensmanagement aus. Frist 02.11.2026. Dort habt ihr 04/2026 schon geliefert (https://ted.europa.eu/de/notice/270948-2026/pdf).;+4983154054321;https://www.scaltel.de/impressum;;;;keines, keine personenbezogene Adresse gefunden;Geschaeftsfuehrung;Christian Skala;Geschäftsführung (Impressum);https://www.scaltel.de/impressum;;;;;;;keine persoenliche Adresse auf der Seite;;https://www.scaltel.de/ https://www.scaltel.de/impressum https://www.scaltel.de/ueber-scaltel/ansprechpartner https://www.scaltel.de/kontakt
Pan Dacom Networking AG;pandacom.de;belegt;nicht moeglich;;;Dreieich-Sprendlingen;3;Team;93;GSI Helmholtzzentrum für Schwerionenforschung GmbH schreibt gerade Ertüchtigung & Erweiterung der MSR-Technik-Green IT-Cube aus. Frist 03.11.2026. Dort habt ihr 08/2024 schon geliefert (https://ted.europa.eu/de/notice/496796-2024/pdf).;;;;;;;;;;;;;;;;;kein Kontakt gefunden;;
ITMediaConsult AG;itmediaconsult.de;belegt;passt;Impressum - ITMediaConsult AG;HRB 4344;Züsch;30;Scale;90;IKK classic schreibt gerade Übersetzungssoftware (01/U/2026) aus. Frist 09.10.2026. Dort habt ihr 12/2025 schon geliefert (https://ted.europa.eu/de/notice/808527-2025/pdf).;+496503981950;https://itmediaconsult.de/impressum;vertrieb@itmediaconsult.de;https://itmediaconsult.de/impressum;vorname.nachname;belegt, Adresse passt zu einer namentlich gefundenen Person;Vertriebsleitung;Peter Adolf;Key Account Manager;https://itmediaconsult.de/team;;;+49650398195301;Durchwahl;https://itmediaconsult.de/team;peter.adolf@itmediaconsult.de;wortwoertlich auf der Seite gefunden;https://itmediaconsult.de/team;https://itmediaconsult.de https://itmediaconsult.de/impressum https://itmediaconsult.de/kontakt https://itmediaconsult.de/ueber-uns
ITMediaConsult AG;itmediaconsult.de;belegt;passt;Impressum - ITMediaConsult AG;HRB 4344;Züsch;30;Scale;90;IKK classic schreibt gerade Übersetzungssoftware (01/U/2026) aus. Frist 09.10.2026. Dort habt ihr 12/2025 schon geliefert (https://ted.europa.eu/de/notice/808527-2025/pdf).;+496503981950;https://itmediaconsult.de/impressum;vertrieb@itmediaconsult.de;https://itmediaconsult.de/impressum;vorname.nachname;belegt, Adresse passt zu einer namentlich gefundenen Person;Vertriebsleitung;Boris Sobeck;Vertriebsleitung International POS;https://itmediaconsult.de/team;;;+4917651574416;Mobil;https://itmediaconsult.de/team;boris.sobeck@itmediaconsult.de;wortwoertlich auf der Seite gefunden;https://itmediaconsult.de/team;https://itmediaconsult.de https://itmediaconsult.de/impressum https://itmediaconsult.de/kontakt https://itmediaconsult.de/ueber-uns
ITMediaConsult AG;itmediaconsult.de;belegt;passt;Impressum - ITMediaConsult AG;HRB 4344;Züsch;30;Scale;90;IKK classic schreibt gerade Übersetzungssoftware (01/U/2026) aus. Frist 09.10.2026. Dort habt ihr 12/2025 schon geliefert (https://ted.europa.eu/de/notice/808527-2025/pdf).;+496503981950;https://itmediaconsult.de/impressum;vertrieb@itmediaconsult.de;https://itmediaconsult.de/impressum;vorname.nachname;belegt, Adresse passt zu einer namentlich gefundenen Person;Geschaeftsfuehrung;Frank Francus;Vorstand und Gründer;https://itmediaconsult.de/team;;;+49650398195101;Durchwahl;https://itmediaconsult.de/team;frank.francus@itmediaconsult.de;wortwoertlich auf der Seite gefunden;https://itmediaconsult.de/team;https://itmediaconsult.de https://itmediaconsult.de/impressum https://itmediaconsult.de/kontakt https://itmediaconsult.de/ueber-uns
MEGWARE Computer Vertrieb und Service GmbH;megware.de;belegt;Name weicht ab;Vertrieb und Service GmbH;HRB 584;Chemnitz-Röhrsdorf;24;Scale;90;Universität Duisburg-Essen schreibt gerade Rahmenvertrag Server, Storage, Software aus. Frist 16.10.2026. Dort habt ihr 09/2026 schon geliefert (https://ted.europa.eu/de/notice/600829-2026/pdf).;;;;;;keines, keine personenbezogene Adresse gefunden;;;;;;;;;;;kein Kontakt gefunden;;https://www.megware.com/ https://www.megware.com/unternehmen/impressum/ https://www.megware.com/kontakt https://www.megware.com/kontakt/
DELTA Computer Products GmbH;deltacomputer.de;belegt;passt;Impressum | DELTA Computer Products GmbH;HRB 3678;Reinbek;19;Scale;90;Fraunhofer-Gesellschaft - Einkauf B12 schreibt gerade Serversystem für KI Interferenz Workloads - PR1237100-3190-I aus. Frist 16.10.2026. Dort habt ihr 09/2025 schon geliefert (https://ted.europa.eu/de/notice/619107-2025/pdf).;+49403006720;https://www.deltacomputer.com/impressum;;;;keines, keine personenbezogene Adresse gefunden;;;;;;;;;;;kein Kontakt gefunden;;https://www.deltacomputer.com/ https://www.deltacomputer.com/impressum https://www.deltacomputer.com/kontakt-support.html https://www.deltacomputer.com/kontakt-support/faq.html
Zehnbauer-IT GmbH;zehnbauer-it.de;belegt;passt;Zehnbauer IT GmbH;;Mannheim;14;Scale;90;Handwerkskammer Niederbayern-Oberpfalz schreibt gerade Notebook mit Monitor aus. Frist 19.10.2026. Dort habt ihr 06/2025 schon geliefert (https://ted.europa.eu/de/notice/415714-2025/pdf).;+4962171868790;https://www.zehnbauer-it.de/impressum/;;;;keines, keine personenbezogene Adresse gefunden;Geschaeftsfuehrung;Karl-Heinz Zehnbauer;Geschäftsführer (Impressum);https://www.zehnbauer-it.de/impressum/;;;;;;;keine persoenliche Adresse auf der Seite;;https://www.zehnbauer-it.de/ https://www.zehnbauer-it.de/impressum/ https://www.zehnbauer-it.de/kontakt/
SEITENBAU;seitenbau.de;belegt;passt;SEITENBAU GmbH;HRB 381528;Konstanz;13;Scale;90;Bundesrepublik Deutschland, vertreten durch... schreibt gerade GitLab Lizenzen und Paid Addons (restliche Bundesverwaltung) aus. Frist 15.10.2026. Dort habt ihr 02/2026 schon geliefert (https://ted.europa.eu/de/notice/92853-2026/pdf).;+4975313659800;https://www.seitenbau.com/impressum;info@seitenbau.com;https://www.seitenbau.com/impressum;;keines, keine personenbezogene Adresse gefunden;Geschaeftsfuehrung;Jan Bauer;Geschäftsführung (Impressum);https://www.seitenbau.com/impressum;;;;;;;keine persoenliche Adresse auf der Seite;;https://www.seitenbau.com/ https://www.seitenbau.com/impressum https://www.seitenbau.com/wer-wir-sind/ansprechpersonen https://www.seitenbau.com/team
SEITENBAU;seitenbau.de;belegt;passt;SEITENBAU GmbH;HRB 381528;Konstanz;13;Scale;90;Bundesrepublik Deutschland, vertreten durch... schreibt gerade GitLab Lizenzen und Paid Addons (restliche Bundesverwaltung) aus. Frist 15.10.2026. Dort habt ihr 02/2026 schon geliefert (https://ted.europa.eu/de/notice/92853-2026/pdf).;+4975313659800;https://www.seitenbau.com/impressum;info@seitenbau.com;https://www.seitenbau.com/impressum;;keines, keine personenbezogene Adresse gefunden;Geschaeftsfuehrung;Stefan Eichenhofer;Geschäftsführung (Impressum);https://www.seitenbau.com/impressum;;;;;;;keine persoenliche Adresse auf der Seite;;https://www.seitenbau.com/ https://www.seitenbau.com/impressum https://www.seitenbau.com/wer-wir-sind/ansprechpersonen https://www.seitenbau.com/team
SEITENBAU;seitenbau.de;belegt;passt;SEITENBAU GmbH;HRB 381528;Konstanz;13;Scale;90;Bundesrepublik Deutschland, vertreten durch... schreibt gerade GitLab Lizenzen und Paid Addons (restliche Bundesverwaltung) aus. Frist 15.10.2026. Dort habt ihr 02/2026 schon geliefert (https://ted.europa.eu/de/notice/92853-2026/pdf).;+4975313659800;https://www.seitenbau.com/impressum;info@seitenbau.com;https://www.seitenbau.com/impressum;;keines, keine personenbezogene Adresse gefunden;Geschaeftsfuehrung;Florian Leinberger;Geschäftsführung (Impressum);https://www.seitenbau.com/impressum;;;;;;;keine persoenliche Adresse auf der Seite;;https://www.seitenbau.com/ https://www.seitenbau.com/impressum https://www.seitenbau.com/wer-wir-sind/ansprechpersonen https://www.seitenbau.com/team
eurofunk Kappacher GmbH Deutschland;eurofunk.de;belegt;nicht moeglich;;;Ainring;11;Scale;90;"Stadt Nürnberg - Zentrale Dienste schreibt gerade Dienstleistung ""M365 - Solution Architect /... aus. Frist 19.10.2026. Dort habt ihr 12/2025 schon geliefert (https://ted.europa.eu/de/notice/841861-2025/pdf).";+49723177820;https://www.eurofunk.com/imprint/;office@eurofunk.com;https://www.eurofunk.com/imprint/;;keines, keine personenbezogene Adresse gefunden;Geschaeftsfuehrung;Markus Schafflinger;Managing Director;https://www.eurofunk.com/company/;;;;;;;keine persoenliche Adresse auf der Seite;;https://www.eurofunk.com/ https://www.eurofunk.com/imprint/ https://www.eurofunk.com/contact/ https://www.eurofunk.com/company/
eurofunk Kappacher GmbH Deutschland;eurofunk.de;belegt;nicht moeglich;;;Ainring;11;Scale;90;"Stadt Nürnberg - Zentrale Dienste schreibt gerade Dienstleistung ""M365 - Solution Architect /... aus. Frist 19.10.2026. Dort habt ihr 12/2025 schon geliefert (https://ted.europa.eu/de/notice/841861-2025/pdf).";+49723177820;https://www.eurofunk.com/imprint/;office@eurofunk.com;https://www.eurofunk.com/imprint/;;keines, keine personenbezogene Adresse gefunden;Geschaeftsfuehrung;Jürgen Kappacher;Managing Director;https://www.eurofunk.com/company/;;;;;;;keine persoenliche Adresse auf der Seite;;https://www.eurofunk.com/ https://www.eurofunk.com/imprint/ https://www.eurofunk.com/contact/ https://www.eurofunk.com/company/
enthus GmbH;enthus.de;belegt;nicht moeglich;;HRB 243356;Böblingen;11;Scale;90;Handwerkskammer Niederbayern-Oberpfalz schreibt gerade Notebook mit Monitor aus. Frist 19.10.2026. Dort habt ihr 08/2026 schon geliefert (https://ted.europa.eu/de/notice/564411-2026/pdf).;+498001199151;https://enthus.de/impressum;info@enthus.de;https://enthus.de/impressum;;keines, keine personenbezogene Adresse gefunden;Geschaeftsfuehrung;Wolfgang Hahl;Geschäftsführer (Impressum);https://enthus.de/impressum;;;;;;;keine persoenliche Adresse auf der Seite;;https://enthus.de https://enthus.de/impressum https://enthus.de/kontakt-standorte https://enthus.de/it-solutions/projektmanagement
itiso GmbH;itiso.de;belegt;nicht moeglich;;HRB 96090;Hamburg;11;Scale;90;Landkreis Hildesheim schreibt gerade Notebooks und Zubehör aus. Frist 12.10.2026. Dort habt ihr 06/2024 schon geliefert (https://ted.europa.eu/de/notice/365793-2024/pdf).;+494053299410;https://www.itiso.de/about/;;;;keines, keine personenbezogene Adresse gefunden;Geschaeftsfuehrung;Ronald Martens;Geschäftsführer (Impressum);https://www.itiso.de/about/;;;;;;;keine persoenliche Adresse auf der Seite;;https://www.itiso.de/ https://www.itiso.de/about/ https://www.itiso.de/kontakt/
itiso GmbH;itiso.de;belegt;nicht moeglich;;HRB 96090;Hamburg;11;Scale;90;Landkreis Hildesheim schreibt gerade Notebooks und Zubehör aus. Frist 12.10.2026. Dort habt ihr 06/2024 schon geliefert (https://ted.europa.eu/de/notice/365793-2024/pdf).;+494053299410;https://www.itiso.de/about/;;;;keines, keine personenbezogene Adresse gefunden;Geschaeftsfuehrung;Mukesh Unadcath;Geschäftsführer (Impressum);https://www.itiso.de/about/;;;;;;;keine persoenliche Adresse auf der Seite;;https://www.itiso.de/ https://www.itiso.de/about/ https://www.itiso.de/kontakt/
SanData EDV-Systemhaus GmbH;sandata.de;belegt;nicht moeglich;;;Nürnberg;11;Scale;90;BG-Phoenics GmbH schreibt gerade Rahmenvertrag Kauf von Notebooks und Portreplikatoren aus. Frist 19.10.2026. Dort habt ihr 03/2026 schon geliefert (https://ted.europa.eu/de/notice/197588-2026/pdf).;+4991195230;https://www.sandata.net/main.asp?VID=1&lng=1&kat1=94&kat2=666;info@sandata.de;https://www.sandata.net/main.asp?VID=1&lng=1&kat1=94&kat2=666;;keines, keine personenbezogene Adresse gefunden;;;;;;;;;;;kein Kontakt gefunden;;https://www.sandata.net/main.asp?VID=1&lng=1&kat1=94&kat2=666 https://www.sandata.net/main.asp?VID=1&lng=1&kat1=94&kat2=666 https://www.sandata.net/main.asp?VID=1&lng=1&kat1=94&kat2=666 https://www.sandata.net/main.asp?VID=1&lng=1&kat1=94&kat2=666
Kupper IT GmbH;kupper-it.de;belegt;passt;KUPPER IT GmbH;HRB 19970;Leipzig;10;Scale;90;Landkreis Görlitz schreibt gerade Los 1 - Landkreis Nordsachsen - Tablets inkl. Zubehör aus. Frist 19.10.2026. Gemeinsame Beschaffung von 3 Stellen. Dort habt ihr 09/2025 schon geliefert (https://ted.europa.eu/de/notice/589269-2025/pdf).;+49341305360;https://www.kupper-it.com/impressum;info@kupper-it.com;https://www.kupper-it.com/impressum;;keines, keine personenbezogene Adresse gefunden;Geschaeftsfuehrung;Andreas Kupper;Geschäftsführer (Impressum);https://www.kupper-it.com/impressum;;;;;;;keine persoenliche Adresse auf der Seite;;https://www.kupper-it.com/ https://www.kupper-it.com/impressum https://www.kupper-it.com/unternehmen/standorte https://www.kupper-it.com/unternehmen/standorte
IT-Haus GmbH;ithaus.de;belegt;passt;IT-HAUS GmbH;HRB 3983;Föhren;9;Scale;90;"Stadt Nürnberg - Zentrale Dienste schreibt gerade Dienstleistung ""M365 - Solution Architect /... aus. Frist 19.10.2026. Dort habt ihr 03/2024 schon geliefert (https://ted.europa.eu/de/notice/168625-2024/pdf).";+49650292080;https://www.it-haus.com/impressum/;info@it-haus.com;https://www.it-haus.com/impressum/;;keines, keine personenbezogene Adresse gefunden;Geschaeftsfuehrung;Stefan Sicken;Geschäftsführung (Impressum);https://www.it-haus.com/impressum/;;;;;;;keine persoenliche Adresse auf der Seite;;https://www.it-haus.com/ https://www.it-haus.com/impressum/ https://www.it-haus.com/kontakt/ https://www.it-haus.com/kontakt/
thinkRED GmbH;thinkred.de;belegt;nicht moeglich;;HRB 53348;Mainz;9;Scale;90;ekom21 - Kommunales Gebietsrechenzentrum Hessen schreibt gerade Datenschutzmanagementsystem aus. Frist 06.10.2026. Dort habt ihr 12/2025 schon geliefert (https://ted.europa.eu/de/notice/835318-2025/pdf).;+4961314886869;https://thinkred.de/impressum/;info@thinkred.de;https://thinkred.de/impressum/;;keines, keine personenbezogene Adresse gefunden;Geschaeftsfuehrung;Sebastian Weitzel;Vertreten durch (Impressum);https://thinkred.de/impressum/;;;;;;;keine persoenliche Adresse auf der Seite;;https://thinkred.de https://thinkred.de/impressum/ https://thinkred.de/kontakt/ https://thinkred.de/ueber-uns/
druckerfachmann.de GmbH;druckerfachmann.de;belegt;Name weicht ab;ALSO MPS GmbH;HRB 257450;Berlin;8;Team;90;Bundesrepublik Deutschland, vertreten durch... schreibt gerade GitLab Lizenzen und Paid Addons (restliche Bundesverwaltung) aus. Frist 15.10.2026. Dort habt ihr 06/2026 schon geliefert (https://ted.europa.eu/de/notice/424495-2026/pdf).;;;;;vorname.nachname;abgeleitet aus der Form anderer Adressen auf der Domain;;;;;;;;;;;kein Kontakt gefunden;;https://www.druckerfachmann.de/ https://www.druckerfachmann.de/impressum/ https://www.druckerfachmann.de/ihre-ansprechpartner/ https://www.druckerfachmann.de/kontakt/
INFODAS GmbH;infodas.de;belegt;passt;INFODAS Gesellschaft für Systementwicklung und Informationsverarbeitung mbH;HRB 6484;Köln;8;Team;90;Bundesrepublik Deutschland, vertreten durch... schreibt gerade GitLab Lizenzen und Paid Addons (restliche Bundesverwaltung) aus. Frist 15.10.2026. Dort habt ihr 09/2026 schon geliefert (https://ted.europa.eu/de/notice/638250-2026/pdf).;+49221709120;https://www.infodas.com/de/impressum/;mark...@....de;https://www.infodas.com/de/impressum/;;keines, keine personenbezogene Adresse gefunden;Geschaeftsfuehrung;Thorsten Ecke;Geschäftsführer (Impressum);https://www.infodas.com/de/impressum/;;;;;;;keine persoenliche Adresse auf der Seite;;https://www.infodas.com/de/ https://www.infodas.com/de/impressum/ https://www.infodas.com/de/kontakt/ https://www.infodas.com/de/kontakt/
INFODAS GmbH;infodas.de;belegt;passt;INFODAS Gesellschaft für Systementwicklung und Informationsverarbeitung mbH;HRB 6484;Köln;8;Team;90;Bundesrepublik Deutschland, vertreten durch... schreibt gerade GitLab Lizenzen und Paid Addons (restliche Bundesverwaltung) aus. Frist 15.10.2026. Dort habt ihr 09/2026 schon geliefert (https://ted.europa.eu/de/notice/638250-2026/pdf).;+49221709120;https://www.infodas.com/de/impressum/;mark...@....de;https://www.infodas.com/de/impressum/;;keines, keine personenbezogene Adresse gefunden;Geschaeftsfuehrung;Lutz Franken;Geschäftsführer (Impressum);https://www.infodas.com/de/impressum/;;;;;;;keine persoenliche Adresse auf der Seite;;https://www.infodas.com/de/ https://www.infodas.com/de/impressum/ https://www.infodas.com/de/kontakt/ https://www.infodas.com/de/kontakt/
INFODAS GmbH;infodas.de;belegt;passt;INFODAS Gesellschaft für Systementwicklung und Informationsverarbeitung mbH;HRB 6484;Köln;8;Team;90;Bundesrepublik Deutschland, vertreten durch... schreibt gerade GitLab Lizenzen und Paid Addons (restliche Bundesverwaltung) aus. Frist 15.10.2026. Dort habt ihr 09/2026 schon geliefert (https://ted.europa.eu/de/notice/638250-2026/pdf).;+49221709120;https://www.infodas.com/de/impressum/;mark...@....de;https://www.infodas.com/de/impressum/;;keines, keine personenbezogene Adresse gefunden;Geschaeftsfuehrung;Carsten Schulz;Geschäftsführer (Impressum);https://www.infodas.com/de/impressum/;;;;;;;keine persoenliche Adresse auf der Seite;;https://www.infodas.com/de/ https://www.infodas.com/de/impressum/ https://www.infodas.com/de/kontakt/ https://www.infodas.com/de/kontakt/
mentIQ GmbH;mentiq.de;belegt;nicht moeglich;;;Dornach;7;Team;90;ProVitako Marketing- und Dienstleistungsgesellschaft... schreibt gerade Basis-Virtualisierung aus. Frist 12.10.2026. Dort habt ihr 06/2026 schon geliefert (https://ted.europa.eu/de/notice/424157-2026/pdf).;+4989954157220;https://www.mentiq.com/impressum;info@mentiq.com;https://www.mentiq.com/impressum;;keines, keine personenbezogene Adresse gefunden;Geschaeftsfuehrung;Günter Maier;Geschäftsführer (Impressum);https://www.mentiq.com/impressum;;;;;;;keine persoenliche Adresse auf der Seite;;https://www.mentiq.com/ https://www.mentiq.com/impressum https://www.mentiq.com/kontakt
mentIQ GmbH;mentiq.de;belegt;nicht moeglich;;;Dornach;7;Team;90;ProVitako Marketing- und Dienstleistungsgesellschaft... schreibt gerade Basis-Virtualisierung aus. Frist 12.10.2026. Dort habt ihr 06/2026 schon geliefert (https://ted.europa.eu/de/notice/424157-2026/pdf).;+4989954157220;https://www.mentiq.com/impressum;info@mentiq.com;https://www.mentiq.com/impressum;;keines, keine personenbezogene Adresse gefunden;Geschaeftsfuehrung;Stefan Hörhammer;Geschäftsführer (Impressum);https://www.mentiq.com/impressum;;;;;;;keine persoenliche Adresse auf der Seite;;https://www.mentiq.com/ https://www.mentiq.com/impressum https://www.mentiq.com/kontakt
Rittal GmbH & Co. KG;rittal.de;belegt;passt;RITTAL GmbH & Co. KG;HRA 6126;Herborn;6;Team;90;Technische Universität Ilmenau, Dezernat Finanzen, Zentrale... schreibt gerade HPC Hardware-Komponenten aus. Frist 22.10.2026. Dort habt ihr 12/2024 schon geliefert (https://ted.europa.eu/de/notice/767278-2024/pdf).;+4927725050;https://www.rittal.com/de-de/Rechtliches/Impressum;info@rittal.de;https://www.rittal.com/de-de/Rechtliches/Impressum;vorname.nachname;abgeleitet aus der Form anderer Adressen auf der Domain;;;;;;;;;;;kein Kontakt gefunden;;https://www.rittal.com/de-de/ https://www.rittal.com/de-de/Rechtliches/Impressum https://www.rittal.com/de-de/Unternehmen/Kontakt https://www.rittal.com/de-de/Unternehmen/Presse/Pressemeldungen/Neue-Azubis-und-Studierende
avodaq AG;avodaq.com;belegt;passt;Impressum | avodaq AG;;München;5;Team;90;Dataport AöR schreibt gerade Rahmenvertrag Standardsoftware aus. Frist 20.10.2026. Dort habt ihr 05/2026 schon geliefert (https://ted.europa.eu/de/notice/367582-2026/pdf).;+49404132670;https://www.avodaq.com/de/impressum/;contact@avodaq.com;https://www.avodaq.com/de/impressum/;;keines, keine personenbezogene Adresse gefunden;Geschaeftsfuehrung;Andreas Kusch;Vorstandsvorsitzender (Impressum);https://www.avodaq.com/de/impressum/;;;;;;;keine persoenliche Adresse auf der Seite;;https://www.avodaq.com/de/ https://www.avodaq.com/de/impressum/ https://www.avodaq.com/de/kontakt/ https://www.avodaq.com/de/karriere/kontakt-recruiting/
Conscia Deutschland GmbH;conscia.de;belegt;passt;Impressum - Conscia Deutschland GmbH;HRB 362496;Ettlingen;5;Team;90;Saarland-Heilstätten GmbH schreibt gerade VMware Subscriptions aus. Frist 07.10.2026. Dort habt ihr 02/2025 schon geliefert (https://ted.europa.eu/de/notice/84049-2025/pdf).;+49724350544;https://conscia.com/de/impressum/;;;;keines, keine personenbezogene Adresse gefunden;Geschaeftsfuehrung;Sven Heinsen;Geschäftsführer (Impressum);https://conscia.com/de/impressum/;;;;;;;keine persoenliche Adresse auf der Seite;;https://conscia.com/de/ https://conscia.com/de/impressum/ https://conscia.com/de/kontakt/ https://conscia.com/de/uber-uns/geschaftsfuhrung/
